{
  "project_info": {
    "project_number": "28895831273",
    "firebase_url": "https://blooddonation-8d49e.firebaseio.com",
    "project_id": "blooddonation-8d49e",
    "storage_bucket": "blooddonation-8d49e.appspot.com"
  },
  "client": [
    {
      "client_info": {
        "mobilesdk_app_id": "1:28895831273:android:3551fde4bfa9af19fefc78",
        "android_client_info": {
          "package_name": "com.example.bloodDonation"
        }
      },
      "oauth_client": [
        {
          "client_id": "28895831273-3hvvqklo3isolg7jodi7tvbam58800ac.apps.googleusercontent.com",
          "client_type": 1,
          "android_info": {
            "package_name": "com.example.bloodDonation",
            "certificate_hash": "850b8e47dbdb3505e5b26d4daf65ae2c55de1e8f"
          }
        },
        {
          "client_id": "28895831273-p5efn6g678foucc2p2676ncem2vtbc5s.apps.googleusercontent.com",
          "client_type": 3
        }
      ],
      "api_key": [
        {
          "current_key": "AIzaSyAB8pu2pUPxnARRPcEUZowyQhhBFC2IGIU"
        }
      ],
      "services": {
        "appinvite_service": {
          "other_platform_oauth_client": [
            {
              "client_id": "28895831273-p5efn6g678foucc2p2676ncem2vtbc5s.apps.googleusercontent.com",
              "client_type": 3
            }
          ]
        }
      }
    }
  ],
  "configuration_version": "1"
}