{
  "project_info": {
    "project_number": "124736418769",
    "firebase_url": "https://blood-donation-8fd84.firebaseio.com",
    "project_id": "blood-donation-8fd84",
    "storage_bucket": "blood-donation-8fd84.appspot.com"
  },
  "client": [
    {
      "client_info": {
        "mobilesdk_app_id": "1:124736418769:android:23a7e421339a5d3609a6f0",
        "android_client_info": {
          "package_name": "com.example.blooddonation"
        }
      },
      "oauth_client": [
        {
          "client_id": "124736418769-r9v7np4e7cgo4m95r4aueeal4rubfjav.apps.googleusercontent.com",
          "client_type": 1,
          "android_info": {
            "package_name": "com.example.blooddonation",
            "certificate_hash": "850b8e47dbdb3505e5b26d4daf65ae2c55de1e8f"
          }
        },
        {
          "client_id": "124736418769-39u625leavema8jrbc5n31f95gd6df04.apps.googleusercontent.com",
          "client_type": 3
        }
      ],
      "api_key": [
        {
          "current_key": "AIzaSyC1XcoWbLhjrOtTn8dqEBAHZ_xZQP-e2eY"
        }
      ],
      "services": {
        "appinvite_service": {
          "other_platform_oauth_client": [
            {
              "client_id": "124736418769-39u625leavema8jrbc5n31f95gd6df04.apps.googleusercontent.com",
              "client_type": 3
            }
          ]
        }
      }
    }
  ],
  "configuration_version": "1"
}